,loss,mean_io_u,mae,accuracy,val_loss,val_mean_io_u,val_mae,val_accuracy
0,1.5659818649291992,0.3412659168243408,0.34405094385147095,0.6744785308837891,2.088855504989624,0.36847782135009766,0.2642991542816162,0.7369556427001953
1,1.3457225561141968,0.3157618045806885,0.362496018409729,0.6316180229187012,2.399290084838867,0.36847782135009766,0.26376873254776,0.7369556427001953
