,loss,iou,mae,accuracy,val_loss,val_iou,val_mae,val_accuracy
0,0.5328018665313721,0.3348657488822937,0.49675408005714417,0.5057363510131836,0.6940010786056519,0.3054082989692688,0.499735951423645,0.6500816345214844
